STATE,GAME_NAME,GAME_NUMBER,PRIZE_ORDER,PRIZE,PRIZE_ODDS,TOTAL_PRIZES,REMAINING_PRIZES
NY,"$1,000,000 Cash Blast",649,1,"$50,000/YR/20YRS","2,646,000.00",,
NY,"$1,000,000 Cash Blast",649,2,"$1,000","84,000.00",,
NY,"$1,000,000 Cash Blast",649,3,$500,"63,000.00",,
NY,"$1,000,000 Cash Blast",649,4,$500,"63,000.00",,
NY,"$1,000,000 Cash Blast",649,5,$250,"8,400.00",,
NY,"$1,000,000 Cash Blast",649,6,$250,"8,400.00",,
NY,"$1,000,000 Cash Blast",649,7,$250,"8,400.00",,
NY,"$1,000,000 Cash Blast",649,8,$100,"3,189.87",,
NY,"$1,000,000 Cash Blast",649,9,$100,"3,150.00",,
NY,"$1,000,000 Cash Blast",649,10,$100,"3,189.87",,
NY,"$1,000,000 Cash Blast",649,11,$100,"3,150.00",,
NY,"$1,000,000 Cash Blast",649,12,$50,"2,016.00",,
NY,"$1,000,000 Cash Blast",649,13,$50,"2,016.00",,
NY,"$1,000,000 Cash Blast",649,14,$50,"2,016.00",,
NY,"$1,000,000 Cash Blast",649,15,$50,"2,016.00",,
NY,"$1,000,000 Cash Blast",649,16,$25,133.33,,
NY,"$1,000,000 Cash Blast",649,17,$25,133.33,,
NY,"$1,000,000 Cash Blast",649,18,$25,100.00,,
NY,"$1,000,000 Cash Blast",649,19,$25,100.00,,
NY,"$1,000,000 Cash Blast",649,20,$20,100.00,,
NY,"$1,000,000 Cash Blast",649,21,$20,100.00,,
NY,"$1,000,000 Cash Blast",649,22,$20,100.00,,
NY,"$1,000,000 Cash Blast",649,23,$10,25.00,,
NY,"$1,000,000 Cash Blast",649,24,$10,22.22,,
NY,"$1,000,000 Instant Jackpot",665,1,$50K/YR/20YRS,"2,646,000.00",,
NY,"$1,000,000 Instant Jackpot",665,2,$500,"21,000.00",,
NY,"$1,000,000 Instant Jackpot",665,3,$500,"21,000.00",,
NY,"$1,000,000 Instant Jackpot",665,4,$250,"5,600.00",,
NY,"$1,000,000 Instant Jackpot",665,5,$250,"5,600.00",,
NY,"$1,000,000 Instant Jackpot",665,6,$100,"2,100.00",,
NY,"$1,000,000 Instant Jackpot",665,7,$100,"2,100.00",,
NY,"$1,000,000 Instant Jackpot",665,8,$100,"2,100.00",,
NY,"$1,000,000 Instant Jackpot",665,9,$40,777.78,,
NY,"$1,000,000 Instant Jackpot",665,10,$40,777.78,,
NY,"$1,000,000 Instant Jackpot",665,11,$40,777.78,,
NY,"$1,000,000 Instant Jackpot",665,12,$40,777.78,,
NY,"$1,000,000 Instant Jackpot",665,13,$25,200.00,,
NY,"$1,000,000 Instant Jackpot",665,14,$25,200.00,,
NY,"$1,000,000 Instant Jackpot",665,15,$25,200.00,,
NY,"$1,000,000 Instant Jackpot",665,16,$25,200.00,,
NY,"$1,000,000 Instant Jackpot",665,17,$20,100.00,,
NY,"$1,000,000 Instant Jackpot",665,18,$20,100.00,,
NY,"$1,000,000 Instant Jackpot",665,19,$20,100.00,,
NY,"$1,000,000 Instant Jackpot",665,20,$10,36.36,,
NY,"$1,000,000 Instant Jackpot",665,21,$10,30.77,,
NY,"$1,000,000 Instant Jackpot",665,22,$10,20.00,,
NY,"$30,000 Cash",662,1,"$30,000","1,587,600.00",,
NY,"$30,000 Cash",662,2,$500,"50,400.00",,
NY,"$30,000 Cash",662,3,$100,"5,727.27",,
NY,"$30,000 Cash",662,4,$100,"5,727.27",,
NY,"$30,000 Cash",662,5,$50,"3,360.00",,
NY,"$30,000 Cash",662,6,$50,"3,360.00",,
NY,"$30,000 Cash",662,7,$50,"3,360.00",,
NY,"$30,000 Cash",662,8,$30,"1,680.00",,
NY,"$30,000 Cash",662,9,$30,"1,680.00",,
NY,"$30,000 Cash",662,10,$30,"1,680.00",,
NY,"$30,000 Cash",662,11,$20,500.00,,
NY,"$30,000 Cash",662,12,$20,333.33,,
NY,"$30,000 Cash",662,13,$20,500.00,,
NY,"$30,000 Cash",662,14,$15,333.33,,
NY,"$30,000 Cash",662,15,$15,500.00,,
NY,"$30,000 Cash",662,16,$15,333.33,,
NY,"$30,000 Cash",662,17,$10,83.33,,
NY,"$30,000 Cash",662,18,$10,83.33,,
NY,"$30,000 Cash",662,19,$10,58.82,,
NY,"$30,000 Cash",662,20,$5,35.71,,
NY,"$30,000 Cash",662,21,$4,66.67,,
NY,"$30,000 Cash",662,22,$4,66.67,,
NY,"$30,000 Cash",662,23,$4,66.67,,
NY,"$500 Cash Bonus",701,1,$500,"3,150.00",,
NY,"$500 Cash Bonus",701,2,$500,"3,150.00",,
NY,"$500 Cash Bonus",701,3,$500,"3,150.00",,
NY,"$500 Cash Bonus",701,4,$100,"4,200.00",,
NY,"$500 Cash Bonus",701,5,$100,"4,200.00",,
NY,"$500 Cash Bonus",701,6,$100,"4,200.00",,
NY,"$500 Cash Bonus",701,7,$100,"4,200.00",,
NY,"$500 Cash Bonus",701,8,$50,"1,050.00",,
NY,"$500 Cash Bonus",701,9,$50,"1,050.00",,
NY,"$500 Cash Bonus",701,10,$50,"1,050.00",,
NY,"$500 Cash Bonus",701,11,$50,"1,050.00",,
NY,"$500 Cash Bonus",701,12,$50,"1,050.00",,
NY,"$500 Cash Bonus",701,13,$25,200.00,,
NY,"$500 Cash Bonus",701,14,$25,400.00,,
NY,"$500 Cash Bonus",701,15,$25,200.00,,
NY,"$500 Cash Bonus",701,16,$25,200.00,,
NY,"$500 Cash Bonus",701,17,$25,400.00,,
NY,"$500 Cash Bonus",701,18,$20,133.33,,
NY,"$500 Cash Bonus",701,19,$20,133.33,,
NY,"$500 Cash Bonus",701,20,$20,133.33,,
NY,"$500 Cash Bonus",701,21,$20,133.33,,
NY,"$500 Cash Bonus",701,22,$10,33.33,,
NY,"$500 Cash Bonus",701,23,$10,25.00,,
NY,"$500 Cash Bonus",701,24,$10,33.33,,
NY,"$500 for Dad",718,1,$500,"2,100.00",,
NY,"$500 for Dad",718,2,$500,"2,100.00",,
NY,"$500 for Dad",718,3,$100,"2,520.00",,
NY,"$500 for Dad",718,4,$100,"3,150.00",,
NY,"$500 for Dad",718,5,$100,"4,200.00",,
NY,"$500 for Dad",718,6,$50,525.00,,
NY,"$500 for Dad",718,7,$50,525.00,,
NY,"$500 for Dad",718,8,$50,525.00,,
NY,"$500 for Dad",718,9,$50,525.00,,
NY,"$500 for Dad",718,10,$20,100.00,,
NY,"$500 for Dad",718,11,$20,50.00,,
NY,"$500 for Dad",718,12,$20,50.00,,
NY,"$500 for Dad",718,13,$10,20.00,,
NY,"$500 for Dad",718,14,$10,20.00,,
NY,"$500,000,000 Extravaganza",510,1,"$250K/Yr/20 Yrs.","4,410,000.00",,
NY,"$500,000,000 Extravaganza",510,2,"$100K/Yr/20 Yrs.","2,940,000.00",,
NY,"$500,000,000 Extravaganza",510,3,"$50K/Yr/20 Yrs.","420,000.00",,
NY,"$500,000,000 Extravaganza",510,4,"$5,000","58,800.00",,
NY,"$500,000,000 Extravaganza",510,5,"$5,000","58,800.00",,
NY,"$500,000,000 Extravaganza",510,6,"$1,000","8,400.00",,
NY,"$500,000,000 Extravaganza",510,7,$500,"2,016.00",,
NY,"$500,000,000 Extravaganza",510,8,$500,"2,016.00",,
NY,"$500,000,000 Extravaganza",510,9,$500,"2,016.00",,
NY,"$500,000,000 Extravaganza",510,10,$500,"2,016.00",,
NY,"$500,000,000 Extravaganza",510,11,$250,525.00,,
NY,"$500,000,000 Extravaganza",510,12,$100,420.00,,
NY,"$500,000,000 Extravaganza",510,13,$100,420.00,,
NY,"$500,000,000 Extravaganza",510,14,$100,420.00,,
NY,"$500,000,000 Extravaganza",510,15,$100,420.00,,
NY,"$500,000,000 Extravaganza",510,16,$100,420.00,,
NY,"$500,000,000 Extravaganza",510,17,$50,31.25,,
NY,"$500,000,000 Extravaganza",510,18,$50,35.71,,
NY,"$500,000,000 Extravaganza",510,19,$40,41.67,,
NY,"$500,000,000 Extravaganza",510,20,$40,50.00,,
NY,"$500,000,000 Extravaganza",510,21,$40,50.00,,
NY,"$500,000,000 Extravaganza",510,22,$30,50.00,,
NY,"$500,000,000 Extravaganza",510,23,$30,62.50,,
NY,"$500,000,000 Extravaganza",510,24,$30,62.50,,
NY,"$500,000,000 Extravaganza",510,25,$25,25.00,,
NY,"$500,000,000 Extravaganza",510,26,$20,50.00,,
NY,"10X Cash Payout",712,1,"$25,000","1,587,600.00",,
NY,"10X Cash Payout",712,2,"$25,000","1,587,600.00",,
NY,"10X Cash Payout",712,3,$500,"50,400.00",,
NY,"10X Cash Payout",712,4,$500,"50,400.00",,
NY,"10X Cash Payout",712,5,$500,"63,000.00",,
NY,"10X Cash Payout",712,6,$250,"14,823.54",,
NY,"10X Cash Payout",712,7,$250,"16,800.00",,
NY,"10X Cash Payout",712,8,$100,"5,600.00",,
NY,"10X Cash Payout",712,9,$100,"5,600.00",,
NY,"10X Cash Payout",712,10,$100,"5,600.00",,
NY,"10X Cash Payout",712,11,$50,"3,150.00",,
NY,"10X Cash Payout",712,12,$50,"3,272.72",,
NY,"10X Cash Payout",712,13,$25,"1,000.00",,
NY,"10X Cash Payout",712,14,$25,500.00,,
NY,"10X Cash Payout",712,15,$25,500.00,,
NY,"10X Cash Payout",712,16,$10,62.50,,
NY,"10X Cash Payout",712,17,$10,50.00,,
NY,"10X Cash Payout",712,18,$5,18.18,,
NY,"10X Cash Payout",712,19,$4,18.87,,
NY,"A Gift for You (Gift Card)",672,1,$100,"25,200.00",,
NY,"A Gift for You (Gift Card)",672,2,$100,"25,200.00",,
NY,"A Gift for You (Gift Card)",672,3,$100,"25,200.00",,
NY,"A Gift for You (Gift Card)",672,4,$50,"3,600.00",,
NY,"A Gift for You (Gift Card)",672,5,$50,"3,600.00",,
NY,"A Gift for You (Gift Card)",672,6,$25,400.00,,
NY,"A Gift for You (Gift Card)",672,7,$25,400.00,,
NY,"A Gift for You (Gift Card)",672,8,$25,200.00,,
NY,"A Gift for You (Gift Card)",672,9,$15,200.00,,
NY,"A Gift for You (Gift Card)",672,10,$15,200.00,,
NY,"A Gift for You (Gift Card)",672,11,$15,100.00,,
NY,"A Gift for You (Gift Card)",672,12,$10,100.00,,
NY,"A Gift for You (Gift Card)",672,13,$10,100.00,,
NY,"A Gift for You (Gift Card)",672,14,$5,50.00,,
NY,"A Gift for You (Gift Card)",672,15,$4,18.18,,
NY,"Big Money",711,1,$50K/YR/20YRS,"2,646,000.00",,
NY,"Big Money",711,2,"$2,500","126,000.00",,
NY,"Big Money",711,3,"$2,500","126,000.00",,
NY,"Big Money",711,4,$500,"63,000.00",,
NY,"Big Money",711,5,$500,"63,000.00",,
NY,"Big Money",711,6,$500,"63,000.00",,
NY,"Big Money",711,7,$500,"63,000.00",,
NY,"Big Money",711,8,$250,"10,080.00",,
NY,"Big Money",711,9,$250,"10,080.00",,
NY,"Big Money",711,10,$250,"12,600.00",,
NY,"Big Money",711,11,$50,"2,333.33",,
NY,"Big Money",711,12,$50,"2,333.33",,
NY,"Big Money",711,13,$50,"2,333.33",,
NY,"Big Money",711,14,$50,"2,333.33",,
NY,"Big Money",711,15,$50,"2,333.33",,
NY,"Big Money",711,16,$25,133.33,,
NY,"Big Money",711,17,$25,133.33,,
NY,"Big Money",711,18,$25,133.33,,
NY,"Big Money",711,19,$25,133.33,,
NY,"Big Money",711,20,$20,80.00,,
NY,"Big Money",711,21,$20,80.00,,
NY,"Big Money",711,22,$20,80.00,,
NY,"Big Money",711,23,$20,100.00,,
NY,"Big Money",711,24,$10,30.77,,
NY,"Big Money",711,25,$10,30.77,,
NY,"Bonus Bucks",720,1,"$2,500","360,818.18",,
NY,"Bonus Bucks",720,2,$500,"111,802.82",,
NY,"Bonus Bucks",720,3,$250,"31,500.00",,
NY,"Bonus Bucks",720,4,$100,"8,400.00",,
NY,"Bonus Bucks",720,5,$50,"4,200.00",,
NY,"Bonus Bucks",720,6,$20,250.00,,
NY,"Bonus Bucks",720,7,$10,200.00,,
NY,"Bonus Bucks",720,8,$8,100.00,,
NY,"Bonus Bucks",720,9,$4,47.62,,
NY,"Bonus Bucks",720,10,$3,22.73,,
NY,"Bonus Bucks",720,11,$2,17.86,,
NY,"Bonus Bucks",720,12,$1,16.13,,
NY,Cashword,703,1,"$10,000","1,558,666.67",,
NY,Cashword,703,2,"$1,000","126,000.00",,
NY,Cashword,703,3,$100,"5,040.00",,
NY,Cashword,703,4,$50,200.00,,
NY,Cashword,703,5,$25,166.67,,
NY,Cashword,703,6,$10,31.25,,
NY,Cashword,703,7,$5,12.82,,
NY,"Cashword Doubler",708,1,"$20,000","2,630,250.00",,
NY,"Cashword Doubler",708,2,"$10,000","1,275,272.73",,
NY,"Cashword Doubler",708,3,"$2,000","249,017.75",,
NY,"Cashword Doubler",708,4,"$1,000","126,000.00",,
NY,"Cashword Doubler",708,5,$200,"25,200.00",,
NY,"Cashword Doubler",708,6,$100,"5,040.00",,
NY,"Cashword Doubler",708,7,$100,"5,040.00",,
NY,"Cashword Doubler",708,8,$50,500.00,,
NY,"Cashword Doubler",708,9,$50,500.00,,
NY,"Cashword Doubler",708,10,$25,250.00,,
NY,"Cashword Doubler",708,11,$20,250.00,,
NY,"Cashword Doubler",708,12,$10,55.56,,
NY,"Cashword Doubler",708,13,$10,55.56,,
NY,"Cashword Doubler",708,14,$5,27.03,,
NY,"Cashword Doubler",708,15,$4,28.57,,
NY,"Copa Cash",673,1,"$25,000","1,071,000.00",,
NY,"Copa Cash",673,2,$500,"50,400.00",,
NY,"Copa Cash",673,3,$500,"50,400.00",,
NY,"Copa Cash",673,4,$100,"6,300.00",,
NY,"Copa Cash",673,5,$100,"6,300.00",,
NY,"Copa Cash",673,6,$50,"3,360.00",,
NY,"Copa Cash",673,7,$50,"3,405.41",,
NY,"Copa Cash",673,8,$50,"3,405.41",,
NY,"Copa Cash",673,9,$50,"3,405.41",,
NY,"Copa Cash",673,10,$25,"1,008.00",,
NY,"Copa Cash",673,11,$25,"1,008.00",,
NY,"Copa Cash",673,12,$25,"1,008.00",,
NY,"Copa Cash",673,13,$20,"1,000.00",,
NY,"Copa Cash",673,14,$20,"1,000.00",,
NY,"Copa Cash",673,15,$20,"1,000.00",,
NY,"Copa Cash",673,16,$20,"1,000.00",,
NY,"Copa Cash",673,17,$15,500.00,,
NY,"Copa Cash",673,18,$15,500.00,,
NY,"Copa Cash",673,19,$15,500.00,,
NY,"Copa Cash",673,20,$15,500.00,,
NY,"Copa Cash",673,21,$10,76.92,,
NY,"Copa Cash",673,22,$10,76.92,,
NY,"Copa Cash",673,23,$10,76.92,,
NY,"Copa Cash",673,24,$5,31.25,,
NY,"Copa Cash",673,25,$4,66.67,,
NY,"Copa Cash",673,26,$4,66.67,,
NY,"Copa Cash",673,27,$4,66.67,,
NY,"Double Triple Cashword",593,1,"$300,000","4,233,600.00",,
NY,"Double Triple Cashword",593,2,"$200,000","5,292,000.00",,
NY,"Double Triple Cashword",593,3,"$100,000","4,233,600.00",,
NY,"Double Triple Cashword",593,4,"$7,500","325,661.54",,
NY,"Double Triple Cashword",593,5,"$5,000","211,680.00",,
NY,"Double Triple Cashword",593,6,"$2,500","105,840.00",,
NY,"Double Triple Cashword",593,7,"$1,500","42,000.00",,
NY,"Double Triple Cashword",593,8,"$1,000","28,000.00",,
NY,"Double Triple Cashword",593,9,$500,"14,000.00",,
NY,"Double Triple Cashword",593,10,$300,"8,400.00",,
NY,"Double Triple Cashword",593,11,$200,"5,600.00",,
NY,"Double Triple Cashword",593,12,$150,"4,200.00",,
NY,"Double Triple Cashword",593,13,$100,"2,800.00",,
NY,"Double Triple Cashword",593,14,$100,"2,800.00",,
NY,"Double Triple Cashword",593,15,$75,"2,100.00",,
NY,"Double Triple Cashword",593,16,$50,200.00,,
NY,"Double Triple Cashword",593,17,$50,200.00,,
NY,"Double Triple Cashword",593,18,$30,100.00,,
NY,"Double Triple Cashword",593,19,$25,100.00,,
NY,"Double Triple Cashword",593,20,$20,50.00,,
NY,"Double Triple Cashword",593,21,$15,66.67,,
NY,"Double Triple Cashword",593,22,$10,25.00,,
NY,"Double Triple Cashword",593,23,$10,26.67,,
NY,"Emerald 8s",608,1,"$50,000/YR/20YRS","3,150,000.00",,
NY,"Emerald 8s",608,2,$500,"8,400.00",,
NY,"Emerald 8s",608,3,$500,"8,400.00",,
NY,"Emerald 8s",608,4,$500,"6,300.00",,
NY,"Emerald 8s",608,5,$100,"1,938.46",,
NY,"Emerald 8s",608,6,$100,"1,938.46",,
NY,"Emerald 8s",608,7,$100,"1,938.46",,
NY,"Emerald 8s",608,8,$40,400.00,,
NY,"Emerald 8s",608,9,$40,400.00,,
NY,"Emerald 8s",608,10,$40,400.00,,
NY,"Emerald 8s",608,11,$40,400.00,,
NY,"Emerald 8s",608,12,$25,400.00,,
NY,"Emerald 8s",608,13,$25,400.00,,
NY,"Emerald 8s",608,14,$25,200.00,,
NY,"Emerald 8s",608,15,$24,100.00,,
NY,"Emerald 8s",608,16,$20,200.00,,
NY,"Emerald 8s",608,17,$20,200.00,,
NY,"Emerald 8s",608,18,$16,133.33,,
NY,"Emerald 8s",608,19,$15,80.00,,
NY,"Emerald 8s",608,20,$10,18.18,,
NY,"Emerald 8s",608,21,$8,15.38,,
NY,"Fat Wallet",664,1,$150K/YR/20YRS,"3,175,200.00",,
NY,"Fat Wallet",664,2,"$25,000","126,000.00",,
NY,"Fat Wallet",664,3,$500,"5,860.47",,
NY,"Fat Wallet",664,4,$500,"5,860.47",,
NY,"Fat Wallet",664,5,$250,"2,520.00",,
NY,"Fat Wallet",664,6,$250,"2,520.00",,
NY,"Fat Wallet",664,7,$250,"2,520.00",,
NY,"Fat Wallet",664,8,$250,"2,520.00",,
NY,"Fat Wallet",664,9,$100,840.00,,
NY,"Fat Wallet",664,10,$100,840.00,,
NY,"Fat Wallet",664,11,$100,840.00,,
NY,"Fat Wallet",664,12,$100,840.00,,
NY,"Fat Wallet",664,13,$100,840.00,,
NY,"Fat Wallet",664,14,$50,200.00,,
NY,"Fat Wallet",664,15,$50,200.00,,
NY,"Fat Wallet",664,16,$50,200.00,,
NY,"Fat Wallet",664,17,$50,200.00,,
NY,"Fat Wallet",664,18,$25,50.00,,
NY,"Fat Wallet",664,19,$25,50.00,,
NY,"Fat Wallet",664,20,$20,22.22,,
NY,"Fat Wallet",664,21,$20,18.18,,
NY,"Fat Wallet",664,22,$15,16.67,,
NY,"Green Stuff",644,1,"$25,000","1,058,400.00",,
NY,"Green Stuff",644,2,"$1,000","126,000.00",,
NY,"Green Stuff",644,3,$100,"10,080.00",,
NY,"Green Stuff",644,4,$100,"10,080.00",,
NY,"Green Stuff",644,5,$100,"9,692.30",,
NY,"Green Stuff",644,6,$50,"3,360.00",,
NY,"Green Stuff",644,7,$50,"3,360.00",,
NY,"Green Stuff",644,8,$50,"3,360.00",,
NY,"Green Stuff",644,9,$25,"1,120.00",,
NY,"Green Stuff",644,10,$25,"1,120.00",,
NY,"Green Stuff",644,11,$25,"1,120.00",,
NY,"Green Stuff",644,12,$20,500.00,,
NY,"Green Stuff",644,13,$20,500.00,,
NY,"Green Stuff",644,14,$20,500.00,,
NY,"Green Stuff",644,15,$15,250.00,,
NY,"Green Stuff",644,16,$15,250.00,,
NY,"Green Stuff",644,17,$15,250.00,,
NY,"Green Stuff",644,18,$10,125.00,,
NY,"Green Stuff",644,19,$10,125.00,,
NY,"Green Stuff",644,20,$10,83.33,,
NY,"Green Stuff",644,21,$5,41.67,,
NY,"Green Stuff",644,22,$4,27.78,,
NY,"Green Stuff",644,23,$4,27.78,,
NY,"Happy Birthday",705,1,$100,"7,875.00",,
NY,"Happy Birthday",705,2,$50,"3,761.20",,
NY,"Happy Birthday",705,3,$20,500.00,,
NY,"Happy Birthday",705,4,$20,500.00,,
NY,"Happy Birthday",705,5,$10,250.00,,
NY,"Happy Birthday",705,6,$10,250.00,,
NY,"Happy Birthday",705,7,$5,50.00,,
NY,"Happy Birthday",705,8,$4,52.63,,
NY,"Happy Birthday",705,9,$4,52.63,,
NY,"Happy Birthday",705,10,$2,25.00,,
NY,"Happy Birthday",705,11,$2,26.32,,
NY,"Happy Birthday",705,12,$1,19.23,,
NY,Harley-Davidson,700,1,$50K/YR/20YRS,"3,150,000.00",,
NY,Harley-Davidson,700,2,Motorcycle,"1,260,000.00",,
NY,Harley-Davidson,700,3,"$2,500","126,000.00",,
NY,Harley-Davidson,700,4,$500,"16,800.00",,
NY,Harley-Davidson,700,5,$500,"12,600.00",,
NY,Harley-Davidson,700,6,$100,"1,680.00",,
NY,Harley-Davidson,700,7,$100,"1,448.28",,
NY,Harley-Davidson,700,8,$50,420.00,,
NY,Harley-Davidson,700,9,$50,420.00,,
NY,Harley-Davidson,700,10,$30,400.00,,
NY,Harley-Davidson,700,11,$30,400.00,,
NY,Harley-Davidson,700,12,$25,400.00,,
NY,Harley-Davidson,700,13,$25,400.00,,
NY,Harley-Davidson,700,14,$20,200.00,,
NY,Harley-Davidson,700,15,$20,100.00,,
NY,Harley-Davidson,700,16,$20,100.00,,
NY,Harley-Davidson,700,17,$15,100.00,,
NY,Harley-Davidson,700,18,$15,100.00,,
NY,Harley-Davidson,700,19,$15,50.00,,
NY,Harley-Davidson,700,20,$10,40.00,,
NY,Harley-Davidson,700,21,$10,40.00,,
NY,"Hit $50!",667,1,$50,"2,100.00",,
NY,"Hit $50!",667,2,$50,"2,100.00",,
NY,"Hit $50!",667,3,$20,500.00,,
NY,"Hit $50!",667,4,$20,500.00,,
NY,"Hit $50!",667,5,$15,250.00,,
NY,"Hit $50!",667,6,$15,250.00,,
NY,"Hit $50!",667,7,$10,250.00,,
NY,"Hit $50!",667,8,$5,125.00,,
NY,"Hit $50!",667,9,$5,125.00,,
NY,"Hit $50!",667,10,$3,83.33,,
NY,"Hit $50!",667,11,$3,62.50,,
NY,"Hit $50!",667,12,$2,16.67,,
NY,"Hit $50!",667,13,$1,13.16,,
NY,"Instant Payday",651,1,"$25,000","1,134,000.00",,
NY,"Instant Payday",651,2,$500,"31,500.00",,
NY,"Instant Payday",651,3,$500,"31,500.00",,
NY,"Instant Payday",651,4,$250,"15,750.00",,
NY,"Instant Payday",651,5,$250,"15,750.00",,
NY,"Instant Payday",651,6,$100,"6,461.54",,
NY,"Instant Payday",651,7,$100,"6,300.00",,
NY,"Instant Payday",651,8,$100,"6,300.00",,
NY,"Instant Payday",651,9,$100,"6,300.00",,
NY,"Instant Payday",651,10,$50,"3,150.00",,
NY,"Instant Payday",651,11,$50,"3,150.00",,
NY,"Instant Payday",651,12,$50,"3,150.00",,
NY,"Instant Payday",651,13,$25,500.00,,
NY,"Instant Payday",651,14,$25,"1,000.00",,
NY,"Instant Payday",651,15,$25,"1,000.00",,
NY,"Instant Payday",651,16,$20,500.00,,
NY,"Instant Payday",651,17,$20,250.00,,
NY,"Instant Payday",651,18,$20,333.33,,
NY,"Instant Payday",651,19,$10,90.91,,
NY,"Instant Payday",651,20,$10,76.92,,
NY,"Instant Payday",651,21,$5,41.67,,
NY,"Instant Payday",651,22,$4,25.64,,
NY,"Instant Payday",651,23,$4,24.39,,
NY,"Instant Take Five",573,1,"$5,555","529,200.00",,
NY,"Instant Take Five",573,2,$500,"50,400.00",,
NY,"Instant Take Five",573,3,$100,"9,600.00",,
NY,"Instant Take Five",573,4,$40,"2,400.00",,
NY,"Instant Take Five",573,5,$20,250.00,,
NY,"Instant Take Five",573,6,$10,100.00,,
NY,"Instant Take Five",573,7,$5,22.56,,
NY,"Instant Take Five",573,8,$2,23.17,,
NY,"Instant Take Five",573,9,$1,8.82,,
NY,"Lemon Twist",719,1,"$25,000","1,221,230.77",,
NY,"Lemon Twist",719,2,"$1,500","63,000.00",,
NY,"Lemon Twist",719,3,$500,"50,400.00",,
NY,"Lemon Twist",719,4,$500,"50,400.00",,
NY,"Lemon Twist",719,5,$300,"25,200.00",,
NY,"Lemon Twist",719,6,$100,"21,000.00",,
NY,"Lemon Twist",719,7,$100,"21,000.00",,
NY,"Lemon Twist",719,8,$100,"21,000.00",,
NY,"Lemon Twist",719,9,$90,"5,727.27",,
NY,"Lemon Twist",719,10,$50,"10,080.00",,
NY,"Lemon Twist",719,11,$50,"10,080.00",,
NY,"Lemon Twist",719,12,$50,"10,080.00",,
NY,"Lemon Twist",719,13,$30,"1,000.00",,
NY,"Lemon Twist",719,14,$30,"1,000.00",,
NY,"Lemon Twist",719,15,$30,500.00,,
NY,"Lemon Twist",719,16,$15,250.00,,
NY,"Lemon Twist",719,17,$15,250.00,,
NY,"Lemon Twist",719,18,$12,250.00,,
NY,"Lemon Twist",719,19,$10,125.00,,
NY,"Lemon Twist",719,20,$10,83.33,,
NY,"Lemon Twist",719,21,$8,62.50,,
NY,"Lemon Twist",719,22,$6,50.00,,
NY,"Lemon Twist",719,23,$5,62.50,,
NY,"Lemon Twist",719,24,$4,35.71,,
NY,"Lemon Twist",719,25,$4,27.78,,
NY,"Loose Change",721,1,$500,"50,400.00",,
NY,"Loose Change",721,2,$100,"3,360.00",,
NY,"Loose Change",721,3,$40,840.00,,
NY,"Loose Change",721,4,$25,226.42,,
NY,"Loose Change",721,5,$10,125.00,,
NY,"Loose Change",721,6,$5,34.61,,
NY,"Loose Change",721,7,$2,18.81,,
NY,"Loose Change",721,8,$1,8.59,,
NY,"Lucky 3s",709,1,"$1,500","560,000.00",,
NY,"Lucky 3s",709,2,"$1,500","560,000.00",,
NY,"Lucky 3s",709,3,$300,"126,000.00",,
NY,"Lucky 3s",709,4,$300,"126,000.00",,
NY,"Lucky 3s",709,5,$90,"25,200.00",,
NY,"Lucky 3s",709,6,$90,"25,200.00",,
NY,"Lucky 3s",709,7,$60,"16,800.00",,
NY,"Lucky 3s",709,8,$60,"16,800.00",,
NY,"Lucky 3s",709,9,$30,"4,581.82",,
NY,"Lucky 3s",709,10,$30,"4,581.82",,
NY,"Lucky 3s",709,11,$30,"5,040.00",,
NY,"Lucky 3s",709,12,$15,"1,000.00",,
NY,"Lucky 3s",709,13,$15,"1,000.00",,
NY,"Lucky 3s",709,14,$15,"1,000.00",,
NY,"Lucky 3s",709,15,$15,"1,000.00",,
NY,"Lucky 3s",709,16,$9,500.00,,
NY,"Lucky 3s",709,17,$9,500.00,,
NY,"Lucky 3s",709,18,$6,250.00,,
NY,"Lucky 3s",709,19,$6,250.00,,
NY,"Lucky 3s",709,20,$5,83.33,,
NY,"Lucky 3s",709,21,$5,83.33,,
NY,"Lucky 3s",709,22,$3,28.57,,
NY,"Lucky 3s",709,23,$3,27.78,,
NY,"Lucky 3s",709,24,$2,27.03,,
NY,"Lucky 3s",709,25,$1,20.41,,
NY,"Lucky 7's",657,1,"$2,700","678,461.54",,
NY,"Lucky 7's",657,2,$700,"50,400.00",,
NY,"Lucky 7's",657,3,$34,500.00,,
NY,"Lucky 7's",657,4,$17,200.00,,
NY,"Lucky 7's",657,5,$14,250.00,,
NY,"Lucky 7's",657,6,$7,41.67,,
NY,"Lucky 7's",657,7,$4,100.00,,
NY,"Lucky 7's",657,8,$2,58.82,,
NY,"Lucky 7's",657,9,$2,32.26,,
NY,"Lucky Birthday",540,1,$500,"34,141.94",,
NY,"Lucky Birthday",540,2,$100,"7,056.00",,
NY,"Lucky Birthday",540,3,$50,"3,780.00",,
NY,"Lucky Birthday",540,4,$20,500.00,,
NY,"Lucky Birthday",540,5,$20,500.00,,
NY,"Lucky Birthday",540,6,$10,250.00,,
NY,"Lucky Birthday",540,7,$10,250.00,,
NY,"Lucky Birthday",540,8,$5,62.50,,
NY,"Lucky Birthday",540,9,$4,52.63,,
NY,"Lucky Birthday",540,10,$4,52.63,,
NY,"Lucky Birthday",540,11,$2,25.00,,
NY,"Lucky Birthday",540,12,$2,25.00,,
NY,"Make a Cashword",611,1,"$10,000","756,000.00",,
NY,"Make a Cashword",611,2,"$1,000","115,461.82",,
NY,"Make a Cashword",611,3,$100,"5,040.00",,
NY,"Make a Cashword",611,4,$50,840.00,,
NY,"Make a Cashword",611,5,$40,630.00,,
NY,"Make a Cashword",611,6,$25,250.00,,
NY,"Make a Cashword",611,7,$15,156.25,,
NY,"Make a Cashword",611,8,$12,138.89,,
NY,"Make a Cashword",611,9,$10,37.88,,
NY,"Make a Cashword",611,10,$7,52.08,,
NY,"Make a Cashword",611,11,$5,16.23,,
NY,"Money Tripler",650,1,"$30,000","3,175,200.00",,
NY,"Money Tripler",650,2,"$30,000","3,175,200.00",,
NY,"Money Tripler",650,3,$600,"50,400.00",,
NY,"Money Tripler",650,4,$600,"50,400.00",,
NY,"Money Tripler",650,5,$300,"21,000.00",,
NY,"Money Tripler",650,6,$100,"8,689.65",,
NY,"Money Tripler",650,7,$100,"8,400.00",,
NY,"Money Tripler",650,8,$100,"8,689.65",,
NY,"Money Tripler",650,9,$50,"4,200.00",,
NY,"Money Tripler",650,10,$50,"4,200.00",,
NY,"Money Tripler",650,11,$50,"4,200.00",,
NY,"Money Tripler",650,12,$25,"1,000.00",,
NY,"Money Tripler",650,13,$25,"1,000.00",,
NY,"Money Tripler",650,14,$25,500.00,,
NY,"Money Tripler",650,15,$20,250.00,,
NY,"Money Tripler",650,16,$20,250.00,,
NY,"Money Tripler",650,17,$20,250.00,,
NY,"Money Tripler",650,18,$10,125.00,,
NY,"Money Tripler",650,19,$10,83.33,,
NY,"Money Tripler",650,20,$6,43.48,,
NY,"Money Tripler",650,21,$5,50.00,,
NY,"Money Tripler",650,22,$4,31.25,,
NY,"Money Tripler",650,23,$4,28.57,,
NY,"Monopoly $2",632,1,"$30,000","1,407,000.00",,
NY,"Monopoly $2",632,2,"$1,000","511,636.36",,
NY,"Monopoly $2",632,3,"$1,000","496,588.24",,
NY,"Monopoly $2",632,4,$250,"25,200.00",,
NY,"Monopoly $2",632,5,$250,"25,200.00",,
NY,"Monopoly $2",632,6,$100,"3,360.00",,
NY,"Monopoly $2",632,7,$100,"3,360.00",,
NY,"Monopoly $2",632,8,$100,"3,360.00",,
NY,"Monopoly $2",632,9,$50,"2,520.00",,
NY,"Monopoly $2",632,10,$50,"2,520.00",,
NY,"Monopoly $2",632,11,$50,"2,520.00",,
NY,"Monopoly $2",632,12,$25,"1,800.00",,
NY,"Monopoly $2",632,13,$25,"1,800.00",,
NY,"Monopoly $2",632,14,$25,"1,800.00",,
NY,"Monopoly $2",632,15,$20,500.00,,
NY,"Monopoly $2",632,16,$20,500.00,,
NY,"Monopoly $2",632,17,$20,500.00,,
NY,"Monopoly $2",632,18,$15,500.00,,
NY,"Monopoly $2",632,19,$15,500.00,,
NY,"Monopoly $2",632,20,$12,250.00,,
NY,"Monopoly $2",632,21,$12,250.00,,
NY,"Monopoly $2",632,22,$10,125.00,,
NY,"Monopoly $2",632,23,$10,250.00,,
NY,"Monopoly $2",632,24,$8,250.00,,
NY,"Monopoly $2",632,25,$8,250.00,,
NY,"Monopoly $2",632,26,$6,62.50,,
NY,"Monopoly $2",632,27,$6,62.50,,
NY,"Monopoly $2",632,28,$4,31.25,,
NY,"Monopoly $2",632,29,$4,27.78,,
NY,"Mother's Day 2009",621,1,"$250,000","1,050,000.00",,
NY,"Mother's Day 2009",621,2,"$2,500","50,400.00",,
NY,"Mother's Day 2009",621,3,$500,"10,080.00",,
NY,"Mother's Day 2009",621,4,$500,"10,080.00",,
NY,"Mother's Day 2009",621,5,$500,"10,080.00",,
NY,"Mother's Day 2009",621,6,$100,"3,150.00",,
NY,"Mother's Day 2009",621,7,$100,"3,150.00",,
NY,"Mother's Day 2009",621,8,$100,"3,150.00",,
NY,"Mother's Day 2009",621,9,$50,"1,680.00",,
NY,"Mother's Day 2009",621,10,$50,"1,680.00",,
NY,"Mother's Day 2009",621,11,$50,"1,680.00",,
NY,"Mother's Day 2009",621,12,$50,"1,680.00",,
NY,"Mother's Day 2009",621,13,$25,133.33,,
NY,"Mother's Day 2009",621,14,$25,133.33,,
NY,"Mother's Day 2009",621,15,$25,133.33,,
NY,"Mother's Day 2009",621,16,$25,133.33,,
NY,"Mother's Day 2009",621,17,$20,80.00,,
NY,"Mother's Day 2009",621,18,$20,66.67,,
NY,"Mother's Day 2009",621,19,$20,80.00,,
NY,"Mother's Day 2009",621,20,$10,40.00,,
NY,"Mother's Day 2009",621,21,$10,40.00,,
NY,"New York Poker",714,1,$50K/YR/20YRS,"3,528,000.00",,
NY,"New York Poker",714,2,"$20,000","705,600.00",,
NY,"New York Poker",714,3,$500,"16,800.00",,
NY,"New York Poker",714,4,$100,"2,520.00",,
NY,"New York Poker",714,5,$100,"2,520.00",,
NY,"New York Poker",714,6,$40,787.50,,
NY,"New York Poker",714,7,$40,787.50,,
NY,"New York Poker",714,8,$40,787.50,,
NY,"New York Poker",714,9,$30,400.00,,
NY,"New York Poker",714,10,$30,400.00,,
NY,"New York Poker",714,11,$30,400.00,,
NY,"New York Poker",714,12,$30,400.00,,
NY,"New York Poker",714,13,$25,200.00,,
NY,"New York Poker",714,14,$25,200.00,,
NY,"New York Poker",714,15,$25,200.00,,
NY,"New York Poker",714,16,$25,200.00,,
NY,"New York Poker",714,17,$20,133.33,,
NY,"New York Poker",714,18,$20,133.33,,
NY,"New York Poker",714,19,$20,133.33,,
NY,"New York Poker",714,20,$15,80.00,,
NY,"New York Poker",714,21,$15,80.00,,
NY,"New York Poker",714,22,$15,80.00,,
NY,"New York Poker",714,23,$10,50.00,,
NY,"New York Poker",714,24,$10,44.44,,
NY,"One Million Bucks",707,1,$50K/YR/20YRS,"2,646,000.00",,
NY,"One Million Bucks",707,2,"$2,500","220,500.00",,
NY,"One Million Bucks",707,3,"$2,500","216,000.00",,
NY,"One Million Bucks",707,4,$500,"10,500.00",,
NY,"One Million Bucks",707,5,$500,"10,080.00",,
NY,"One Million Bucks",707,6,$100,"4,200.00",,
NY,"One Million Bucks",707,7,$100,"4,200.00",,
NY,"One Million Bucks",707,8,$100,"4,200.00",,
NY,"One Million Bucks",707,9,$50,"2,520.00",,
NY,"One Million Bucks",707,10,$50,"2,520.00",,
NY,"One Million Bucks",707,11,$50,"2,520.00",,
NY,"One Million Bucks",707,12,$50,"2,520.00",,
NY,"One Million Bucks",707,13,$30,"1,680.00",,
NY,"One Million Bucks",707,14,$30,"1,680.00",,
NY,"One Million Bucks",707,15,$30,"1,680.00",,
NY,"One Million Bucks",707,16,$30,"1,680.00",,
NY,"One Million Bucks",707,17,$25,200.00,,
NY,"One Million Bucks",707,18,$25,200.00,,
NY,"One Million Bucks",707,19,$25,400.00,,
NY,"One Million Bucks",707,20,$25,200.00,,
NY,"One Million Bucks",707,21,$25,200.00,,
NY,"One Million Bucks",707,22,$20,100.00,,
NY,"One Million Bucks",707,23,$20,100.00,,
NY,"One Million Bucks",707,24,$20,100.00,,
NY,"One Million Bucks",707,25,$10,16.67,,
NY,"One Million Bucks",707,26,$10,19.05,,
NY,"Platinum Payout",717,1,$150K/YR/20YRS,"3,969,000.00",,
NY,"Platinum Payout",717,2,"$25,000","252,000.00",,
NY,"Platinum Payout",717,3,$500,"6,300.00",,
NY,"Platinum Payout",717,4,$500,"6,300.00",,
NY,"Platinum Payout",717,5,$500,"6,300.00",,
NY,"Platinum Payout",717,6,$250,"2,100.00",,
NY,"Platinum Payout",717,7,$250,"2,100.00",,
NY,"Platinum Payout",717,8,$250,"2,100.00",,
NY,"Platinum Payout",717,9,$250,"2,100.00",,
NY,"Platinum Payout",717,10,$100,730.43,,
NY,"Platinum Payout",717,11,$100,730.43,,
NY,"Platinum Payout",717,12,$100,730.43,,
NY,"Platinum Payout",717,13,$100,730.43,,
NY,"Platinum Payout",717,14,$50,100.00,,
NY,"Platinum Payout",717,15,$50,100.00,,
NY,"Platinum Payout",717,16,$50,100.00,,
NY,"Platinum Payout",717,17,$50,100.00,,
NY,"Platinum Payout",717,18,$25,33.33,,
NY,"Platinum Payout",717,19,$25,33.33,,
NY,"Platinum Payout",717,20,$15,12.50,,
NY,"Set For Life",648,1,"$5,000/wk for Life","6,300,000.00",,
NY,"Set For Life",648,2,"$50,000","1,050,000.00",,
NY,"Set For Life",648,3,"$5,000","105,000.00",,
NY,"Set For Life",648,4,"$1,000","14,823.53",,
NY,"Set For Life",648,5,"$1,000","14,823.53",,
NY,"Set For Life",648,6,$500,"7,000.00",,
NY,"Set For Life",648,7,$500,"7,000.00",,
NY,"Set For Life",648,8,$500,"7,000.00",,
NY,"Set For Life",648,9,$500,"7,000.00",,
NY,"Set For Life",648,10,$100,525.00,,
NY,"Set For Life",648,11,$100,525.00,,
NY,"Set For Life",648,12,$100,525.00,,
NY,"Set For Life",648,13,$100,525.00,,
NY,"Set For Life",648,14,$50,125.00,,
NY,"Set For Life",648,15,$50,125.00,,
NY,"Set For Life",648,16,$50,125.00,,
NY,"Set For Life",648,17,$50,125.00,,
NY,"Set For Life",648,18,$50,125.00,,
NY,"Set For Life",648,19,$25,83.33,,
NY,"Set For Life",648,20,$25,125.00,,
NY,"Set For Life",648,21,$25,125.00,,
NY,"Set For Life",648,22,$25,125.00,,
NY,"Set For Life",648,23,$20,50.00,,
NY,"Set For Life",648,24,$20,50.00,,
NY,"Set For Life",648,25,$20,50.00,,
NY,"Set For Life",648,26,$15,41.67,,
NY,"Silver 6s",661,1,"$50,000/YR/20YRS","2,646,000.00",,
NY,"Silver 6s",661,2,"$1,500","252,000.00",,
NY,"Silver 6s",661,3,"$1,500","252,000.00",,
NY,"Silver 6s",661,4,$600,"63,000.00",,
NY,"Silver 6s",661,5,$600,"63,000.00",,
NY,"Silver 6s",661,6,$250,"6,300.00",,
NY,"Silver 6s",661,7,$250,"6,300.00",,
NY,"Silver 6s",661,8,$100,"2,520.00",,
NY,"Silver 6s",661,9,$100,"2,520.00",,
NY,"Silver 6s",661,10,$100,"2,520.00",,
NY,"Silver 6s",661,11,$50,"1,680.00",,
NY,"Silver 6s",661,12,$50,"1,680.00",,
NY,"Silver 6s",661,13,$50,"1,680.00",,
NY,"Silver 6s",661,14,$50,"1,680.00",,
NY,"Silver 6s",661,15,$30,"1,008.00",,
NY,"Silver 6s",661,16,$30,"1,008.00",,
NY,"Silver 6s",661,17,$30,"1,008.00",,
NY,"Silver 6s",661,18,$25,133.33,,
NY,"Silver 6s",661,19,$25,133.33,,
NY,"Silver 6s",661,20,$25,133.33,,
NY,"Silver 6s",661,21,$25,133.33,,
NY,"Silver 6s",661,22,$20,100.00,,
NY,"Silver 6s",661,23,$20,100.00,,
NY,"Silver 6s",661,24,$20,100.00,,
NY,"Silver 6s",661,25,$10,26.67,,
NY,"Silver 6s",661,26,$10,23.53,,
NY,"Smooth 7s",643,1,"$50,000/YR/20YRS","2,646,000.00",,
NY,"Smooth 7s",643,2,"$1,000","423,360.00",,
NY,"Smooth 7s",643,3,"$1,000","423,360.00",,
NY,"Smooth 7s",643,4,$500,"12,600.00",,
NY,"Smooth 7s",643,5,$500,"12,600.00",,
NY,"Smooth 7s",643,6,$200,"10,956.52",,
NY,"Smooth 7s",643,7,$200,"10,500.00",,
NY,"Smooth 7s",643,8,$100,"2,964.70",,
NY,"Smooth 7s",643,9,$100,"2,964.70",,
NY,"Smooth 7s",643,10,$100,"2,964.70",,
NY,"Smooth 7s",643,11,$75,"1,260.00",,
NY,"Smooth 7s",643,12,$75,"1,260.00",,
NY,"Smooth 7s",643,13,$75,"1,260.00",,
NY,"Smooth 7s",643,14,$50,"1,120.00",,
NY,"Smooth 7s",643,15,$50,"1,120.00",,
NY,"Smooth 7s",643,16,$50,"1,120.00",,
NY,"Smooth 7s",643,17,$35,916.37,,
NY,"Smooth 7s",643,18,$25,200.00,,
NY,"Smooth 7s",643,19,$25,200.00,,
NY,"Smooth 7s",643,20,$25,200.00,,
NY,"Smooth 7s",643,21,$20,100.00,,
NY,"Smooth 7s",643,22,$20,100.00,,
NY,"Smooth 7s",643,23,$20,100.00,,
NY,"Smooth 7s",643,24,$15,80.00,,
NY,"Smooth 7s",643,25,$15,80.00,,
NY,"Smooth 7s",643,26,$15,80.00,,
NY,"Smooth 7s",643,27,$10,50.00,,
NY,"Smooth 7s",643,28,$10,50.00,,
NY,"Stinkin' Rich",627,1,"$50,000/YR/20YRS","2,646,000.00",,
NY,"Stinkin' Rich",627,2,"$1,000","31,500.00",,
NY,"Stinkin' Rich",627,3,$500,"18,000.00",,
NY,"Stinkin' Rich",627,4,$250,"5,040.00",,
NY,"Stinkin' Rich",627,5,$250,"5,040.00",,
NY,"Stinkin' Rich",627,6,$100,"1,440.00",,
NY,"Stinkin' Rich",627,7,$100,"1,431.82",,
NY,"Stinkin' Rich",627,8,$40,812.90,,
NY,"Stinkin' Rich",627,9,$40,812.90,,
NY,"Stinkin' Rich",627,10,$40,812.90,,
NY,"Stinkin' Rich",627,11,$40,812.90,,
NY,"Stinkin' Rich",627,12,$25,200.00,,
NY,"Stinkin' Rich",627,13,$25,200.00,,
NY,"Stinkin' Rich",627,14,$25,200.00,,
NY,"Stinkin' Rich",627,15,$25,200.00,,
NY,"Stinkin' Rich",627,16,$20,100.00,,
NY,"Stinkin' Rich",627,17,$20,100.00,,
NY,"Stinkin' Rich",627,18,$20,100.00,,
NY,"Stinkin' Rich",627,19,$10,20.00,,
NY,"Stinkin' Rich",627,20,$10,16.67,,
NY,"Super 9s",642,1,"$50,000/YR/20YRS","2,646,000.00",,
NY,"Super 9s",642,2,"$1,000","36,000.00",,
NY,"Super 9s",642,3,$500,"25,200.00",,
NY,"Super 9s",642,4,$250,"5,040.00",,
NY,"Super 9s",642,5,$250,"5,040.00",,
NY,"Super 9s",642,6,$100,"2,016.00",,
NY,"Super 9s",642,7,$100,"2,016.00",,
NY,"Super 9s",642,8,$100,"2,016.00",,
NY,"Super 9s",642,9,$50,"1,100.43",,
NY,"Super 9s",642,10,$50,"1,095.65",,
NY,"Super 9s",642,11,$50,"1,095.65",,
NY,"Super 9s",642,12,$50,"1,095.65",,
NY,"Super 9s",642,13,$25,200.00,,
NY,"Super 9s",642,14,$25,200.00,,
NY,"Super 9s",642,15,$25,100.00,,
NY,"Super 9s",642,16,$25,100.00,,
NY,"Super 9s",642,17,$20,100.00,,
NY,"Super 9s",642,18,$20,100.00,,
NY,"Super 9s",642,19,$20,100.00,,
NY,"Super 9s",642,20,$10,33.33,,
NY,"Super 9s",642,21,$10,20.00,,
NY,"Welcome Back to Fabulous Las Vegas",715,1,$50K/YR/20YRS,"3,150,000.00",,
NY,"Welcome Back to Fabulous Las Vegas",715,2,"$7,000","252,000.00",,
NY,"Welcome Back to Fabulous Las Vegas",715,3,$500,"50,400.00",,
NY,"Welcome Back to Fabulous Las Vegas",715,4,$500,"50,400.00",,
NY,"Welcome Back to Fabulous Las Vegas",715,5,$500,"50,400.00",,
NY,"Welcome Back to Fabulous Las Vegas",715,6,$500,"50,400.00",,
NY,"Welcome Back to Fabulous Las Vegas",715,7,$250,"14,000.00",,
NY,"Welcome Back to Fabulous Las Vegas",715,8,$250,"15,750.00",,
NY,"Welcome Back to Fabulous Las Vegas",715,9,$250,"15,750.00",,
NY,"Welcome Back to Fabulous Las Vegas",715,10,$100,"1,680.00",,
NY,"Welcome Back to Fabulous Las Vegas",715,11,$100,"2,016.00",,
NY,"Welcome Back to Fabulous Las Vegas",715,12,$100,"2,016.00",,
NY,"Welcome Back to Fabulous Las Vegas",715,13,$50,"1,260.00",,
NY,"Welcome Back to Fabulous Las Vegas",715,14,$50,"1,260.00",,
NY,"Welcome Back to Fabulous Las Vegas",715,15,$50,"1,260.00",,
NY,"Welcome Back to Fabulous Las Vegas",715,16,$50,"1,260.00",,
NY,"Welcome Back to Fabulous Las Vegas",715,17,$25,133.33,,
NY,"Welcome Back to Fabulous Las Vegas",715,18,$25,200.00,,
NY,"Welcome Back to Fabulous Las Vegas",715,19,$25,133.33,,
NY,"Welcome Back to Fabulous Las Vegas",715,20,$20,100.00,,
NY,"Welcome Back to Fabulous Las Vegas",715,21,$20,100.00,,
NY,"Welcome Back to Fabulous Las Vegas",715,22,$20,100.00,,
NY,"Welcome Back to Fabulous Las Vegas",715,23,$20,100.00,,
NY,"Welcome Back to Fabulous Las Vegas",715,24,$10,21.05,,
NY,"Welcome Back to Fabulous Las Vegas",715,25,$10,19.05,,
NY,"Win $1,000,000 a Year for Life ",596,1,$1Million/YR/Life,"3,528,000.00",,
NY,"Win $1,000,000 a Year for Life ",596,2,"$50,000","252,000.00",,
NY,"Win $1,000,000 a Year for Life ",596,3,"$5,000","84,000.00",,
NY,"Win $1,000,000 a Year for Life ",596,4,"$5,000","84,000.00",,
NY,"Win $1,000,000 a Year for Life ",596,5,"$1,000","25,200.00",,
NY,"Win $1,000,000 a Year for Life ",596,6,"$1,000","25,200.00",,
NY,"Win $1,000,000 a Year for Life ",596,7,$500,"3,150.00",,
NY,"Win $1,000,000 a Year for Life ",596,8,$500,"3,150.00",,
NY,"Win $1,000,000 a Year for Life ",596,9,$500,"3,150.00",,
NY,"Win $1,000,000 a Year for Life ",596,10,$500,"3,150.00",,
NY,"Win $1,000,000 a Year for Life ",596,11,$100,83.33,,
NY,"Win $1,000,000 a Year for Life ",596,12,$100,250.00,,
NY,"Win $1,000,000 a Year for Life ",596,13,$100,125.00,,
NY,"Win $1,000,000 a Year for Life ",596,14,$100,125.00,,
NY,"Win $1,000,000 a Year for Life ",596,15,$100,125.00,,
NY,"Win $1,000,000 a Year for Life ",596,16,$50,50.00,,
NY,"Win $1,000,000 a Year for Life ",596,17,$50,50.00,,
NY,"Win $1,000,000 a Year for Life ",596,18,$50,50.00,,
NY,"Win $1,000,000 a Year for Life ",596,19,$40,41.67,,
NY,"Win $1,000,000 a Year for Life ",596,20,$40,41.67,,
NY,"Win $1,000,000 a Year for Life ",596,21,$35,6.58,,
NY,"Win $1,000,000 a Year for Life ",596,22,$30,50.00,,
NY,"Win $2,000/Wk for Life",562,1,"$2,000/wk for Life","5,292,000.00",,
NY,"Win $2,000/Wk for Life",562,2,"$2,500","126,000.00",,
NY,"Win $2,000/Wk for Life",562,3,$500,"50,400.00",,
NY,"Win $2,000/Wk for Life",562,4,$165,"16,800.00",,
NY,"Win $2,000/Wk for Life",562,5,$100,"3,600.00",,
NY,"Win $2,000/Wk for Life",562,6,$50,100.00,,
NY,"Win $2,000/Wk for Life",562,7,$35,171.43,,
NY,"Win $2,000/Wk for Life",562,8,$30,240.00,,
NY,"Win $2,000/Wk for Life",562,9,$25,100.00,,
NY,"Win $2,000/Wk for Life",562,10,$20,54.55,,
NY,"Win $2,000/Wk for Life",562,11,$20,63.16,,
NY,"Win $2,000/Wk for Life",562,12,$15,55.81,,
NY,"Win $2,000/Wk for Life",562,13,$10,35.82,,
NY,"Win for Life Spectacular",631,1,"$10,000/Wk/Life","3,528,000.00",,
NY,"Win for Life Spectacular",631,2,"$100,000","504,000.00",,
NY,"Win for Life Spectacular",631,3,"$5,000","50,400.00",,
NY,"Win for Life Spectacular",631,4,"$5,000","50,400.00",,
NY,"Win for Life Spectacular",631,5,"$1,000","7,200.00",,
NY,"Win for Life Spectacular",631,6,$500,"3,600.00",,
NY,"Win for Life Spectacular",631,7,$500,"3,600.00",,
NY,"Win for Life Spectacular",631,8,$500,"3,600.00",,
NY,"Win for Life Spectacular",631,9,$500,"3,600.00",,
NY,"Win for Life Spectacular",631,10,$250,900.00,,
NY,"Win for Life Spectacular",631,11,$100,365.22,,
NY,"Win for Life Spectacular",631,12,$100,365.22,,
NY,"Win for Life Spectacular",631,13,$100,365.22,,
NY,"Win for Life Spectacular",631,14,$100,365.22,,
NY,"Win for Life Spectacular",631,15,$100,365.22,,
NY,"Win for Life Spectacular",631,16,$50,41.67,,
NY,"Win for Life Spectacular",631,17,$50,35.71,,
NY,"Win for Life Spectacular",631,18,$40,83.33,,
NY,"Win for Life Spectacular",631,19,$40,83.33,,
NY,"Win for Life Spectacular",631,20,$40,83.33,,
NY,"Win for Life Spectacular",631,21,$30,83.33,,
NY,"Win for Life Spectacular",631,22,$30,83.33,,
NY,"Win for Life Spectacular",631,23,$30,83.33,,
NY,"Win for Life Spectacular",631,24,$25,16.67,,
NY,"Win for Life Spectacular",631,25,$20,27.78,,
